pretty_link,country,id,href,src
"<div><a href=""/places/default/view/Afghanistan-1""><img src=""/places/static/images/flags/af.png"" /> Afghanistan</a></div>",Afghanistan,7057,/places/default/view/Afghanistan-1,/places/static/images/flags/af.png
"<div><a href=""/places/default/view/Aland-Islands-2""><img src=""/places/static/images/flags/ax.png"" /> Aland Islands</a></div>",Aland Islands,7058,/places/default/view/Aland-Islands-2,/places/static/images/flags/ax.png
"<div><a href=""/places/default/view/Albania-3""><img src=""/places/static/images/flags/al.png"" /> Albania</a></div>",Albania,7059,/places/default/view/Albania-3,/places/static/images/flags/al.png
"<div><a href=""/places/default/view/Algeria-4""><img src=""/places/static/images/flags/dz.png"" /> Algeria</a></div>",Algeria,7060,/places/default/view/Algeria-4,/places/static/images/flags/dz.png
"<div><a href=""/places/default/view/American-Samoa-5""><img src=""/places/static/images/flags/as.png"" /> American Samoa</a></div>",American Samoa,7061,/places/default/view/American-Samoa-5,/places/static/images/flags/as.png
"<div><a href=""/places/default/view/Andorra-6""><img src=""/places/static/images/flags/ad.png"" /> Andorra</a></div>",Andorra,7062,/places/default/view/Andorra-6,/places/static/images/flags/ad.png
"<div><a href=""/places/default/view/Angola-7""><img src=""/places/static/images/flags/ao.png"" /> Angola</a></div>",Angola,7063,/places/default/view/Angola-7,/places/static/images/flags/ao.png
"<div><a href=""/places/default/view/Anguilla-8""><img src=""/places/static/images/flags/ai.png"" /> Anguilla</a></div>",Anguilla,7064,/places/default/view/Anguilla-8,/places/static/images/flags/ai.png
"<div><a href=""/places/default/view/Antarctica-9""><img src=""/places/static/images/flags/aq.png"" /> Antarctica</a></div>",Antarctica,7065,/places/default/view/Antarctica-9,/places/static/images/flags/aq.png
"<div><a href=""/places/default/view/Antigua-and-Barbuda-10""><img src=""/places/static/images/flags/ag.png"" /> Antigua and Barbuda</a></div>",Antigua and Barbuda,7066,/places/default/view/Antigua-and-Barbuda-10,/places/static/images/flags/ag.png
"<div><a href=""/places/default/view/Argentina-11""><img src=""/places/static/images/flags/ar.png"" /> Argentina</a></div>",Argentina,7067,/places/default/view/Argentina-11,/places/static/images/flags/ar.png
"<div><a href=""/places/default/view/Armenia-12""><img src=""/places/static/images/flags/am.png"" /> Armenia</a></div>",Armenia,7068,/places/default/view/Armenia-12,/places/static/images/flags/am.png
"<div><a href=""/places/default/view/Aruba-13""><img src=""/places/static/images/flags/aw.png"" /> Aruba</a></div>",Aruba,7069,/places/default/view/Aruba-13,/places/static/images/flags/aw.png
"<div><a href=""/places/default/view/Australia-14""><img src=""/places/static/images/flags/au.png"" /> Australia</a></div>",Australia,7070,/places/default/view/Australia-14,/places/static/images/flags/au.png
"<div><a href=""/places/default/view/Austria-15""><img src=""/places/static/images/flags/at.png"" /> Austria</a></div>",Austria,7071,/places/default/view/Austria-15,/places/static/images/flags/at.png
"<div><a href=""/places/default/view/Azerbaijan-16""><img src=""/places/static/images/flags/az.png"" /> Azerbaijan</a></div>",Azerbaijan,7072,/places/default/view/Azerbaijan-16,/places/static/images/flags/az.png
"<div><a href=""/places/default/view/Bahamas-17""><img src=""/places/static/images/flags/bs.png"" /> Bahamas</a></div>",Bahamas,7073,/places/default/view/Bahamas-17,/places/static/images/flags/bs.png
"<div><a href=""/places/default/view/Bahrain-18""><img src=""/places/static/images/flags/bh.png"" /> Bahrain</a></div>",Bahrain,7074,/places/default/view/Bahrain-18,/places/static/images/flags/bh.png
"<div><a href=""/places/default/view/Bangladesh-19""><img src=""/places/static/images/flags/bd.png"" /> Bangladesh</a></div>",Bangladesh,7075,/places/default/view/Bangladesh-19,/places/static/images/flags/bd.png
"<div><a href=""/places/default/view/Barbados-20""><img src=""/places/static/images/flags/bb.png"" /> Barbados</a></div>",Barbados,7076,/places/default/view/Barbados-20,/places/static/images/flags/bb.png
"<div><a href=""/places/default/view/Belarus-21""><img src=""/places/static/images/flags/by.png"" /> Belarus</a></div>",Belarus,7077,/places/default/view/Belarus-21,/places/static/images/flags/by.png
"<div><a href=""/places/default/view/Belgium-22""><img src=""/places/static/images/flags/be.png"" /> Belgium</a></div>",Belgium,7078,/places/default/view/Belgium-22,/places/static/images/flags/be.png
"<div><a href=""/places/default/view/Belize-23""><img src=""/places/static/images/flags/bz.png"" /> Belize</a></div>",Belize,7079,/places/default/view/Belize-23,/places/static/images/flags/bz.png
"<div><a href=""/places/default/view/Benin-24""><img src=""/places/static/images/flags/bj.png"" /> Benin</a></div>",Benin,7080,/places/default/view/Benin-24,/places/static/images/flags/bj.png
"<div><a href=""/places/default/view/Bermuda-25""><img src=""/places/static/images/flags/bm.png"" /> Bermuda</a></div>",Bermuda,7081,/places/default/view/Bermuda-25,/places/static/images/flags/bm.png
"<div><a href=""/places/default/view/Bhutan-26""><img src=""/places/static/images/flags/bt.png"" /> Bhutan</a></div>",Bhutan,7082,/places/default/view/Bhutan-26,/places/static/images/flags/bt.png
"<div><a href=""/places/default/view/Bolivia-27""><img src=""/places/static/images/flags/bo.png"" /> Bolivia</a></div>",Bolivia,7083,/places/default/view/Bolivia-27,/places/static/images/flags/bo.png
"<div><a href=""/places/default/view/Bonaire-Saint-Eustatius-and-Saba-28""><img src=""/places/static/images/flags/bq.png"" /> Bonaire, Saint Eustatius and Saba</a></div>","Bonaire, Saint Eustatius and Saba",7084,/places/default/view/Bonaire-Saint-Eustatius-and-Saba-28,/places/static/images/flags/bq.png
"<div><a href=""/places/default/view/Bosnia-and-Herzegovina-29""><img src=""/places/static/images/flags/ba.png"" /> Bosnia and Herzegovina</a></div>",Bosnia and Herzegovina,7085,/places/default/view/Bosnia-and-Herzegovina-29,/places/static/images/flags/ba.png
"<div><a href=""/places/default/view/Botswana-30""><img src=""/places/static/images/flags/bw.png"" /> Botswana</a></div>",Botswana,7086,/places/default/view/Botswana-30,/places/static/images/flags/bw.png
"<div><a href=""/places/default/view/Bouvet-Island-31""><img src=""/places/static/images/flags/bv.png"" /> Bouvet Island</a></div>",Bouvet Island,7087,/places/default/view/Bouvet-Island-31,/places/static/images/flags/bv.png
"<div><a href=""/places/default/view/Brazil-32""><img src=""/places/static/images/flags/br.png"" /> Brazil</a></div>",Brazil,7088,/places/default/view/Brazil-32,/places/static/images/flags/br.png
"<div><a href=""/places/default/view/British-Indian-Ocean-Territory-33""><img src=""/places/static/images/flags/io.png"" /> British Indian Ocean Territory</a></div>",British Indian Ocean Territory,7089,/places/default/view/British-Indian-Ocean-Territory-33,/places/static/images/flags/io.png
"<div><a href=""/places/default/view/British-Virgin-Islands-34""><img src=""/places/static/images/flags/vg.png"" /> British Virgin Islands</a></div>",British Virgin Islands,7090,/places/default/view/British-Virgin-Islands-34,/places/static/images/flags/vg.png
"<div><a href=""/places/default/view/Brunei-35""><img src=""/places/static/images/flags/bn.png"" /> Brunei</a></div>",Brunei,7091,/places/default/view/Brunei-35,/places/static/images/flags/bn.png
"<div><a href=""/places/default/view/Bulgaria-36""><img src=""/places/static/images/flags/bg.png"" /> Bulgaria</a></div>",Bulgaria,7092,/places/default/view/Bulgaria-36,/places/static/images/flags/bg.png
"<div><a href=""/places/default/view/Burkina-Faso-37""><img src=""/places/static/images/flags/bf.png"" /> Burkina Faso</a></div>",Burkina Faso,7093,/places/default/view/Burkina-Faso-37,/places/static/images/flags/bf.png
"<div><a href=""/places/default/view/Burundi-38""><img src=""/places/static/images/flags/bi.png"" /> Burundi</a></div>",Burundi,7094,/places/default/view/Burundi-38,/places/static/images/flags/bi.png
"<div><a href=""/places/default/view/Cambodia-39""><img src=""/places/static/images/flags/kh.png"" /> Cambodia</a></div>",Cambodia,7095,/places/default/view/Cambodia-39,/places/static/images/flags/kh.png
"<div><a href=""/places/default/view/Cameroon-40""><img src=""/places/static/images/flags/cm.png"" /> Cameroon</a></div>",Cameroon,7096,/places/default/view/Cameroon-40,/places/static/images/flags/cm.png
"<div><a href=""/places/default/view/Canada-41""><img src=""/places/static/images/flags/ca.png"" /> Canada</a></div>",Canada,7097,/places/default/view/Canada-41,/places/static/images/flags/ca.png
"<div><a href=""/places/default/view/Cape-Verde-42""><img src=""/places/static/images/flags/cv.png"" /> Cape Verde</a></div>",Cape Verde,7098,/places/default/view/Cape-Verde-42,/places/static/images/flags/cv.png
"<div><a href=""/places/default/view/Cayman-Islands-43""><img src=""/places/static/images/flags/ky.png"" /> Cayman Islands</a></div>",Cayman Islands,7099,/places/default/view/Cayman-Islands-43,/places/static/images/flags/ky.png
"<div><a href=""/places/default/view/Central-African-Republic-44""><img src=""/places/static/images/flags/cf.png"" /> Central African Republic</a></div>",Central African Republic,7100,/places/default/view/Central-African-Republic-44,/places/static/images/flags/cf.png
"<div><a href=""/places/default/view/Chad-45""><img src=""/places/static/images/flags/td.png"" /> Chad</a></div>",Chad,7101,/places/default/view/Chad-45,/places/static/images/flags/td.png
"<div><a href=""/places/default/view/Chile-46""><img src=""/places/static/images/flags/cl.png"" /> Chile</a></div>",Chile,7102,/places/default/view/Chile-46,/places/static/images/flags/cl.png
"<div><a href=""/places/default/view/China-47""><img src=""/places/static/images/flags/cn.png"" /> China</a></div>",China,7103,/places/default/view/China-47,/places/static/images/flags/cn.png
"<div><a href=""/places/default/view/Christmas-Island-48""><img src=""/places/static/images/flags/cx.png"" /> Christmas Island</a></div>",Christmas Island,7104,/places/default/view/Christmas-Island-48,/places/static/images/flags/cx.png
"<div><a href=""/places/default/view/Cocos-Islands-49""><img src=""/places/static/images/flags/cc.png"" /> Cocos Islands</a></div>",Cocos Islands,7105,/places/default/view/Cocos-Islands-49,/places/static/images/flags/cc.png
"<div><a href=""/places/default/view/Colombia-50""><img src=""/places/static/images/flags/co.png"" /> Colombia</a></div>",Colombia,7106,/places/default/view/Colombia-50,/places/static/images/flags/co.png
"<div><a href=""/places/default/view/Comoros-51""><img src=""/places/static/images/flags/km.png"" /> Comoros</a></div>",Comoros,7107,/places/default/view/Comoros-51,/places/static/images/flags/km.png
"<div><a href=""/places/default/view/Cook-Islands-52""><img src=""/places/static/images/flags/ck.png"" /> Cook Islands</a></div>",Cook Islands,7108,/places/default/view/Cook-Islands-52,/places/static/images/flags/ck.png
"<div><a href=""/places/default/view/Costa-Rica-53""><img src=""/places/static/images/flags/cr.png"" /> Costa Rica</a></div>",Costa Rica,7109,/places/default/view/Costa-Rica-53,/places/static/images/flags/cr.png
"<div><a href=""/places/default/view/Croatia-54""><img src=""/places/static/images/flags/hr.png"" /> Croatia</a></div>",Croatia,7110,/places/default/view/Croatia-54,/places/static/images/flags/hr.png
"<div><a href=""/places/default/view/Cuba-55""><img src=""/places/static/images/flags/cu.png"" /> Cuba</a></div>",Cuba,7111,/places/default/view/Cuba-55,/places/static/images/flags/cu.png
"<div><a href=""/places/default/view/Curacao-56""><img src=""/places/static/images/flags/cw.png"" /> Curacao</a></div>",Curacao,7112,/places/default/view/Curacao-56,/places/static/images/flags/cw.png
"<div><a href=""/places/default/view/Cyprus-57""><img src=""/places/static/images/flags/cy.png"" /> Cyprus</a></div>",Cyprus,7113,/places/default/view/Cyprus-57,/places/static/images/flags/cy.png
"<div><a href=""/places/default/view/Czech-Republic-58""><img src=""/places/static/images/flags/cz.png"" /> Czech Republic</a></div>",Czech Republic,7114,/places/default/view/Czech-Republic-58,/places/static/images/flags/cz.png
"<div><a href=""/places/default/view/Democratic-Republic-of-the-Congo-59""><img src=""/places/static/images/flags/cd.png"" /> Democratic Republic of the Congo</a></div>",Democratic Republic of the Congo,7115,/places/default/view/Democratic-Republic-of-the-Congo-59,/places/static/images/flags/cd.png
"<div><a href=""/places/default/view/Denmark-60""><img src=""/places/static/images/flags/dk.png"" /> Denmark</a></div>",Denmark,7116,/places/default/view/Denmark-60,/places/static/images/flags/dk.png
"<div><a href=""/places/default/view/Djibouti-61""><img src=""/places/static/images/flags/dj.png"" /> Djibouti</a></div>",Djibouti,7117,/places/default/view/Djibouti-61,/places/static/images/flags/dj.png
"<div><a href=""/places/default/view/Dominica-62""><img src=""/places/static/images/flags/dm.png"" /> Dominica</a></div>",Dominica,7118,/places/default/view/Dominica-62,/places/static/images/flags/dm.png
"<div><a href=""/places/default/view/Dominican-Republic-63""><img src=""/places/static/images/flags/do.png"" /> Dominican Republic</a></div>",Dominican Republic,7119,/places/default/view/Dominican-Republic-63,/places/static/images/flags/do.png
"<div><a href=""/places/default/view/East-Timor-64""><img src=""/places/static/images/flags/tl.png"" /> East Timor</a></div>",East Timor,7120,/places/default/view/East-Timor-64,/places/static/images/flags/tl.png
"<div><a href=""/places/default/view/Ecuador-65""><img src=""/places/static/images/flags/ec.png"" /> Ecuador</a></div>",Ecuador,7121,/places/default/view/Ecuador-65,/places/static/images/flags/ec.png
"<div><a href=""/places/default/view/Egypt-66""><img src=""/places/static/images/flags/eg.png"" /> Egypt</a></div>",Egypt,7122,/places/default/view/Egypt-66,/places/static/images/flags/eg.png
"<div><a href=""/places/default/view/El-Salvador-67""><img src=""/places/static/images/flags/sv.png"" /> El Salvador</a></div>",El Salvador,7123,/places/default/view/El-Salvador-67,/places/static/images/flags/sv.png
"<div><a href=""/places/default/view/Equatorial-Guinea-68""><img src=""/places/static/images/flags/gq.png"" /> Equatorial Guinea</a></div>",Equatorial Guinea,7124,/places/default/view/Equatorial-Guinea-68,/places/static/images/flags/gq.png
"<div><a href=""/places/default/view/Eritrea-69""><img src=""/places/static/images/flags/er.png"" /> Eritrea</a></div>",Eritrea,7125,/places/default/view/Eritrea-69,/places/static/images/flags/er.png
"<div><a href=""/places/default/view/Estonia-70""><img src=""/places/static/images/flags/ee.png"" /> Estonia</a></div>",Estonia,7126,/places/default/view/Estonia-70,/places/static/images/flags/ee.png
"<div><a href=""/places/default/view/Ethiopia-71""><img src=""/places/static/images/flags/et.png"" /> Ethiopia</a></div>",Ethiopia,7127,/places/default/view/Ethiopia-71,/places/static/images/flags/et.png
"<div><a href=""/places/default/view/Falkland-Islands-72""><img src=""/places/static/images/flags/fk.png"" /> Falkland Islands</a></div>",Falkland Islands,7128,/places/default/view/Falkland-Islands-72,/places/static/images/flags/fk.png
"<div><a href=""/places/default/view/Faroe-Islands-73""><img src=""/places/static/images/flags/fo.png"" /> Faroe Islands</a></div>",Faroe Islands,7129,/places/default/view/Faroe-Islands-73,/places/static/images/flags/fo.png
"<div><a href=""/places/default/view/Fiji-74""><img src=""/places/static/images/flags/fj.png"" /> Fiji</a></div>",Fiji,7130,/places/default/view/Fiji-74,/places/static/images/flags/fj.png
"<div><a href=""/places/default/view/Finland-75""><img src=""/places/static/images/flags/fi.png"" /> Finland</a></div>",Finland,7131,/places/default/view/Finland-75,/places/static/images/flags/fi.png
"<div><a href=""/places/default/view/France-76""><img src=""/places/static/images/flags/fr.png"" /> France</a></div>",France,7132,/places/default/view/France-76,/places/static/images/flags/fr.png
"<div><a href=""/places/default/view/French-Guiana-77""><img src=""/places/static/images/flags/gf.png"" /> French Guiana</a></div>",French Guiana,7133,/places/default/view/French-Guiana-77,/places/static/images/flags/gf.png
"<div><a href=""/places/default/view/French-Polynesia-78""><img src=""/places/static/images/flags/pf.png"" /> French Polynesia</a></div>",French Polynesia,7134,/places/default/view/French-Polynesia-78,/places/static/images/flags/pf.png
"<div><a href=""/places/default/view/French-Southern-Territories-79""><img src=""/places/static/images/flags/tf.png"" /> French Southern Territories</a></div>",French Southern Territories,7135,/places/default/view/French-Southern-Territories-79,/places/static/images/flags/tf.png
"<div><a href=""/places/default/view/Gabon-80""><img src=""/places/static/images/flags/ga.png"" /> Gabon</a></div>",Gabon,7136,/places/default/view/Gabon-80,/places/static/images/flags/ga.png
"<div><a href=""/places/default/view/Gambia-81""><img src=""/places/static/images/flags/gm.png"" /> Gambia</a></div>",Gambia,7137,/places/default/view/Gambia-81,/places/static/images/flags/gm.png
"<div><a href=""/places/default/view/Georgia-82""><img src=""/places/static/images/flags/ge.png"" /> Georgia</a></div>",Georgia,7138,/places/default/view/Georgia-82,/places/static/images/flags/ge.png
"<div><a href=""/places/default/view/Germany-83""><img src=""/places/static/images/flags/de.png"" /> Germany</a></div>",Germany,7139,/places/default/view/Germany-83,/places/static/images/flags/de.png
"<div><a href=""/places/default/view/Ghana-84""><img src=""/places/static/images/flags/gh.png"" /> Ghana</a></div>",Ghana,7140,/places/default/view/Ghana-84,/places/static/images/flags/gh.png
"<div><a href=""/places/default/view/Gibraltar-85""><img src=""/places/static/images/flags/gi.png"" /> Gibraltar</a></div>",Gibraltar,7141,/places/default/view/Gibraltar-85,/places/static/images/flags/gi.png
"<div><a href=""/places/default/view/Greece-86""><img src=""/places/static/images/flags/gr.png"" /> Greece</a></div>",Greece,7142,/places/default/view/Greece-86,/places/static/images/flags/gr.png
"<div><a href=""/places/default/view/Greenland-87""><img src=""/places/static/images/flags/gl.png"" /> Greenland</a></div>",Greenland,7143,/places/default/view/Greenland-87,/places/static/images/flags/gl.png
"<div><a href=""/places/default/view/Grenada-88""><img src=""/places/static/images/flags/gd.png"" /> Grenada</a></div>",Grenada,7144,/places/default/view/Grenada-88,/places/static/images/flags/gd.png
"<div><a href=""/places/default/view/Guadeloupe-89""><img src=""/places/static/images/flags/gp.png"" /> Guadeloupe</a></div>",Guadeloupe,7145,/places/default/view/Guadeloupe-89,/places/static/images/flags/gp.png
"<div><a href=""/places/default/view/Guam-90""><img src=""/places/static/images/flags/gu.png"" /> Guam</a></div>",Guam,7146,/places/default/view/Guam-90,/places/static/images/flags/gu.png
"<div><a href=""/places/default/view/Guatemala-91""><img src=""/places/static/images/flags/gt.png"" /> Guatemala</a></div>",Guatemala,7147,/places/default/view/Guatemala-91,/places/static/images/flags/gt.png
"<div><a href=""/places/default/view/Guernsey-92""><img src=""/places/static/images/flags/gg.png"" /> Guernsey</a></div>",Guernsey,7148,/places/default/view/Guernsey-92,/places/static/images/flags/gg.png
"<div><a href=""/places/default/view/Guinea-93""><img src=""/places/static/images/flags/gn.png"" /> Guinea</a></div>",Guinea,7149,/places/default/view/Guinea-93,/places/static/images/flags/gn.png
"<div><a href=""/places/default/view/Guinea-Bissau-94""><img src=""/places/static/images/flags/gw.png"" /> Guinea-Bissau</a></div>",Guinea-Bissau,7150,/places/default/view/Guinea-Bissau-94,/places/static/images/flags/gw.png
"<div><a href=""/places/default/view/Guyana-95""><img src=""/places/static/images/flags/gy.png"" /> Guyana</a></div>",Guyana,7151,/places/default/view/Guyana-95,/places/static/images/flags/gy.png
"<div><a href=""/places/default/view/Haiti-96""><img src=""/places/static/images/flags/ht.png"" /> Haiti</a></div>",Haiti,7152,/places/default/view/Haiti-96,/places/static/images/flags/ht.png
"<div><a href=""/places/default/view/Heard-Island-and-McDonald-Islands-97""><img src=""/places/static/images/flags/hm.png"" /> Heard Island and McDonald Islands</a></div>",Heard Island and McDonald Islands,7153,/places/default/view/Heard-Island-and-McDonald-Islands-97,/places/static/images/flags/hm.png
"<div><a href=""/places/default/view/Honduras-98""><img src=""/places/static/images/flags/hn.png"" /> Honduras</a></div>",Honduras,7154,/places/default/view/Honduras-98,/places/static/images/flags/hn.png
"<div><a href=""/places/default/view/Hong-Kong-99""><img src=""/places/static/images/flags/hk.png"" /> Hong Kong</a></div>",Hong Kong,7155,/places/default/view/Hong-Kong-99,/places/static/images/flags/hk.png
"<div><a href=""/places/default/view/Hungary-100""><img src=""/places/static/images/flags/hu.png"" /> Hungary</a></div>",Hungary,7156,/places/default/view/Hungary-100,/places/static/images/flags/hu.png
"<div><a href=""/places/default/view/Iceland-101""><img src=""/places/static/images/flags/is.png"" /> Iceland</a></div>",Iceland,7157,/places/default/view/Iceland-101,/places/static/images/flags/is.png
"<div><a href=""/places/default/view/India-102""><img src=""/places/static/images/flags/in.png"" /> India</a></div>",India,7158,/places/default/view/India-102,/places/static/images/flags/in.png
"<div><a href=""/places/default/view/Indonesia-103""><img src=""/places/static/images/flags/id.png"" /> Indonesia</a></div>",Indonesia,7159,/places/default/view/Indonesia-103,/places/static/images/flags/id.png
"<div><a href=""/places/default/view/Iran-104""><img src=""/places/static/images/flags/ir.png"" /> Iran</a></div>",Iran,7160,/places/default/view/Iran-104,/places/static/images/flags/ir.png
"<div><a href=""/places/default/view/Iraq-105""><img src=""/places/static/images/flags/iq.png"" /> Iraq</a></div>",Iraq,7161,/places/default/view/Iraq-105,/places/static/images/flags/iq.png
"<div><a href=""/places/default/view/Ireland-106""><img src=""/places/static/images/flags/ie.png"" /> Ireland</a></div>",Ireland,7162,/places/default/view/Ireland-106,/places/static/images/flags/ie.png
"<div><a href=""/places/default/view/Isle-of-Man-107""><img src=""/places/static/images/flags/im.png"" /> Isle of Man</a></div>",Isle of Man,7163,/places/default/view/Isle-of-Man-107,/places/static/images/flags/im.png
"<div><a href=""/places/default/view/Israel-108""><img src=""/places/static/images/flags/il.png"" /> Israel</a></div>",Israel,7164,/places/default/view/Israel-108,/places/static/images/flags/il.png
"<div><a href=""/places/default/view/Italy-109""><img src=""/places/static/images/flags/it.png"" /> Italy</a></div>",Italy,7165,/places/default/view/Italy-109,/places/static/images/flags/it.png
"<div><a href=""/places/default/view/Ivory-Coast-110""><img src=""/places/static/images/flags/ci.png"" /> Ivory Coast</a></div>",Ivory Coast,7166,/places/default/view/Ivory-Coast-110,/places/static/images/flags/ci.png
"<div><a href=""/places/default/view/Jamaica-111""><img src=""/places/static/images/flags/jm.png"" /> Jamaica</a></div>",Jamaica,7167,/places/default/view/Jamaica-111,/places/static/images/flags/jm.png
"<div><a href=""/places/default/view/Japan-112""><img src=""/places/static/images/flags/jp.png"" /> Japan</a></div>",Japan,7168,/places/default/view/Japan-112,/places/static/images/flags/jp.png
"<div><a href=""/places/default/view/Jersey-113""><img src=""/places/static/images/flags/je.png"" /> Jersey</a></div>",Jersey,7169,/places/default/view/Jersey-113,/places/static/images/flags/je.png
"<div><a href=""/places/default/view/Jordan-114""><img src=""/places/static/images/flags/jo.png"" /> Jordan</a></div>",Jordan,7170,/places/default/view/Jordan-114,/places/static/images/flags/jo.png
"<div><a href=""/places/default/view/Kazakhstan-115""><img src=""/places/static/images/flags/kz.png"" /> Kazakhstan</a></div>",Kazakhstan,7171,/places/default/view/Kazakhstan-115,/places/static/images/flags/kz.png
"<div><a href=""/places/default/view/Kenya-116""><img src=""/places/static/images/flags/ke.png"" /> Kenya</a></div>",Kenya,7172,/places/default/view/Kenya-116,/places/static/images/flags/ke.png
"<div><a href=""/places/default/view/Kiribati-117""><img src=""/places/static/images/flags/ki.png"" /> Kiribati</a></div>",Kiribati,7173,/places/default/view/Kiribati-117,/places/static/images/flags/ki.png
"<div><a href=""/places/default/view/Kosovo-118""><img src=""/places/static/images/flags/xk.png"" /> Kosovo</a></div>",Kosovo,7174,/places/default/view/Kosovo-118,/places/static/images/flags/xk.png
"<div><a href=""/places/default/view/Kuwait-119""><img src=""/places/static/images/flags/kw.png"" /> Kuwait</a></div>",Kuwait,7175,/places/default/view/Kuwait-119,/places/static/images/flags/kw.png
"<div><a href=""/places/default/view/Kyrgyzstan-120""><img src=""/places/static/images/flags/kg.png"" /> Kyrgyzstan</a></div>",Kyrgyzstan,7176,/places/default/view/Kyrgyzstan-120,/places/static/images/flags/kg.png
"<div><a href=""/places/default/view/Laos-121""><img src=""/places/static/images/flags/la.png"" /> Laos</a></div>",Laos,7177,/places/default/view/Laos-121,/places/static/images/flags/la.png
"<div><a href=""/places/default/view/Latvia-122""><img src=""/places/static/images/flags/lv.png"" /> Latvia</a></div>",Latvia,7178,/places/default/view/Latvia-122,/places/static/images/flags/lv.png
"<div><a href=""/places/default/view/Lebanon-123""><img src=""/places/static/images/flags/lb.png"" /> Lebanon</a></div>",Lebanon,7179,/places/default/view/Lebanon-123,/places/static/images/flags/lb.png
"<div><a href=""/places/default/view/Lesotho-124""><img src=""/places/static/images/flags/ls.png"" /> Lesotho</a></div>",Lesotho,7180,/places/default/view/Lesotho-124,/places/static/images/flags/ls.png
"<div><a href=""/places/default/view/Liberia-125""><img src=""/places/static/images/flags/lr.png"" /> Liberia</a></div>",Liberia,7181,/places/default/view/Liberia-125,/places/static/images/flags/lr.png
"<div><a href=""/places/default/view/Libya-126""><img src=""/places/static/images/flags/ly.png"" /> Libya</a></div>",Libya,7182,/places/default/view/Libya-126,/places/static/images/flags/ly.png
"<div><a href=""/places/default/view/Liechtenstein-127""><img src=""/places/static/images/flags/li.png"" /> Liechtenstein</a></div>",Liechtenstein,7183,/places/default/view/Liechtenstein-127,/places/static/images/flags/li.png
"<div><a href=""/places/default/view/Lithuania-128""><img src=""/places/static/images/flags/lt.png"" /> Lithuania</a></div>",Lithuania,7184,/places/default/view/Lithuania-128,/places/static/images/flags/lt.png
"<div><a href=""/places/default/view/Luxembourg-129""><img src=""/places/static/images/flags/lu.png"" /> Luxembourg</a></div>",Luxembourg,7185,/places/default/view/Luxembourg-129,/places/static/images/flags/lu.png
"<div><a href=""/places/default/view/Macao-130""><img src=""/places/static/images/flags/mo.png"" /> Macao</a></div>",Macao,7186,/places/default/view/Macao-130,/places/static/images/flags/mo.png
"<div><a href=""/places/default/view/Macedonia-131""><img src=""/places/static/images/flags/mk.png"" /> Macedonia</a></div>",Macedonia,7187,/places/default/view/Macedonia-131,/places/static/images/flags/mk.png
"<div><a href=""/places/default/view/Madagascar-132""><img src=""/places/static/images/flags/mg.png"" /> Madagascar</a></div>",Madagascar,7188,/places/default/view/Madagascar-132,/places/static/images/flags/mg.png
"<div><a href=""/places/default/view/Malawi-133""><img src=""/places/static/images/flags/mw.png"" /> Malawi</a></div>",Malawi,7189,/places/default/view/Malawi-133,/places/static/images/flags/mw.png
"<div><a href=""/places/default/view/Malaysia-134""><img src=""/places/static/images/flags/my.png"" /> Malaysia</a></div>",Malaysia,7190,/places/default/view/Malaysia-134,/places/static/images/flags/my.png
"<div><a href=""/places/default/view/Maldives-135""><img src=""/places/static/images/flags/mv.png"" /> Maldives</a></div>",Maldives,7191,/places/default/view/Maldives-135,/places/static/images/flags/mv.png
"<div><a href=""/places/default/view/Mali-136""><img src=""/places/static/images/flags/ml.png"" /> Mali</a></div>",Mali,7192,/places/default/view/Mali-136,/places/static/images/flags/ml.png
"<div><a href=""/places/default/view/Malta-137""><img src=""/places/static/images/flags/mt.png"" /> Malta</a></div>",Malta,7193,/places/default/view/Malta-137,/places/static/images/flags/mt.png
"<div><a href=""/places/default/view/Marshall-Islands-138""><img src=""/places/static/images/flags/mh.png"" /> Marshall Islands</a></div>",Marshall Islands,7194,/places/default/view/Marshall-Islands-138,/places/static/images/flags/mh.png
"<div><a href=""/places/default/view/Martinique-139""><img src=""/places/static/images/flags/mq.png"" /> Martinique</a></div>",Martinique,7195,/places/default/view/Martinique-139,/places/static/images/flags/mq.png
"<div><a href=""/places/default/view/Mauritania-140""><img src=""/places/static/images/flags/mr.png"" /> Mauritania</a></div>",Mauritania,7196,/places/default/view/Mauritania-140,/places/static/images/flags/mr.png
"<div><a href=""/places/default/view/Mauritius-141""><img src=""/places/static/images/flags/mu.png"" /> Mauritius</a></div>",Mauritius,7197,/places/default/view/Mauritius-141,/places/static/images/flags/mu.png
"<div><a href=""/places/default/view/Mayotte-142""><img src=""/places/static/images/flags/yt.png"" /> Mayotte</a></div>",Mayotte,7198,/places/default/view/Mayotte-142,/places/static/images/flags/yt.png
"<div><a href=""/places/default/view/Mexico-143""><img src=""/places/static/images/flags/mx.png"" /> Mexico</a></div>",Mexico,7199,/places/default/view/Mexico-143,/places/static/images/flags/mx.png
"<div><a href=""/places/default/view/Micronesia-144""><img src=""/places/static/images/flags/fm.png"" /> Micronesia</a></div>",Micronesia,7200,/places/default/view/Micronesia-144,/places/static/images/flags/fm.png
"<div><a href=""/places/default/view/Moldova-145""><img src=""/places/static/images/flags/md.png"" /> Moldova</a></div>",Moldova,7201,/places/default/view/Moldova-145,/places/static/images/flags/md.png
"<div><a href=""/places/default/view/Monaco-146""><img src=""/places/static/images/flags/mc.png"" /> Monaco</a></div>",Monaco,7202,/places/default/view/Monaco-146,/places/static/images/flags/mc.png
"<div><a href=""/places/default/view/Mongolia-147""><img src=""/places/static/images/flags/mn.png"" /> Mongolia</a></div>",Mongolia,7203,/places/default/view/Mongolia-147,/places/static/images/flags/mn.png
"<div><a href=""/places/default/view/Montenegro-148""><img src=""/places/static/images/flags/me.png"" /> Montenegro</a></div>",Montenegro,7204,/places/default/view/Montenegro-148,/places/static/images/flags/me.png
"<div><a href=""/places/default/view/Montserrat-149""><img src=""/places/static/images/flags/ms.png"" /> Montserrat</a></div>",Montserrat,7205,/places/default/view/Montserrat-149,/places/static/images/flags/ms.png
"<div><a href=""/places/default/view/Morocco-150""><img src=""/places/static/images/flags/ma.png"" /> Morocco</a></div>",Morocco,7206,/places/default/view/Morocco-150,/places/static/images/flags/ma.png
"<div><a href=""/places/default/view/Mozambique-151""><img src=""/places/static/images/flags/mz.png"" /> Mozambique</a></div>",Mozambique,7207,/places/default/view/Mozambique-151,/places/static/images/flags/mz.png
"<div><a href=""/places/default/view/Myanmar-152""><img src=""/places/static/images/flags/mm.png"" /> Myanmar</a></div>",Myanmar,7208,/places/default/view/Myanmar-152,/places/static/images/flags/mm.png
"<div><a href=""/places/default/view/Namibia-153""><img src=""/places/static/images/flags/na.png"" /> Namibia</a></div>",Namibia,7209,/places/default/view/Namibia-153,/places/static/images/flags/na.png
"<div><a href=""/places/default/view/Nauru-154""><img src=""/places/static/images/flags/nr.png"" /> Nauru</a></div>",Nauru,7210,/places/default/view/Nauru-154,/places/static/images/flags/nr.png
"<div><a href=""/places/default/view/Nepal-155""><img src=""/places/static/images/flags/np.png"" /> Nepal</a></div>",Nepal,7211,/places/default/view/Nepal-155,/places/static/images/flags/np.png
"<div><a href=""/places/default/view/Netherlands-156""><img src=""/places/static/images/flags/nl.png"" /> Netherlands</a></div>",Netherlands,7212,/places/default/view/Netherlands-156,/places/static/images/flags/nl.png
"<div><a href=""/places/default/view/Netherlands-Antilles-157""><img src=""/places/static/images/flags/an.png"" /> Netherlands Antilles</a></div>",Netherlands Antilles,7213,/places/default/view/Netherlands-Antilles-157,/places/static/images/flags/an.png
"<div><a href=""/places/default/view/New-Caledonia-158""><img src=""/places/static/images/flags/nc.png"" /> New Caledonia</a></div>",New Caledonia,7214,/places/default/view/New-Caledonia-158,/places/static/images/flags/nc.png
"<div><a href=""/places/default/view/New-Zealand-159""><img src=""/places/static/images/flags/nz.png"" /> New Zealand</a></div>",New Zealand,7215,/places/default/view/New-Zealand-159,/places/static/images/flags/nz.png
"<div><a href=""/places/default/view/Nicaragua-160""><img src=""/places/static/images/flags/ni.png"" /> Nicaragua</a></div>",Nicaragua,7216,/places/default/view/Nicaragua-160,/places/static/images/flags/ni.png
"<div><a href=""/places/default/view/Niger-161""><img src=""/places/static/images/flags/ne.png"" /> Niger</a></div>",Niger,7217,/places/default/view/Niger-161,/places/static/images/flags/ne.png
"<div><a href=""/places/default/view/Nigeria-162""><img src=""/places/static/images/flags/ng.png"" /> Nigeria</a></div>",Nigeria,7218,/places/default/view/Nigeria-162,/places/static/images/flags/ng.png
"<div><a href=""/places/default/view/Niue-163""><img src=""/places/static/images/flags/nu.png"" /> Niue</a></div>",Niue,7219,/places/default/view/Niue-163,/places/static/images/flags/nu.png
"<div><a href=""/places/default/view/Norfolk-Island-164""><img src=""/places/static/images/flags/nf.png"" /> Norfolk Island</a></div>",Norfolk Island,7220,/places/default/view/Norfolk-Island-164,/places/static/images/flags/nf.png
"<div><a href=""/places/default/view/North-Korea-165""><img src=""/places/static/images/flags/kp.png"" /> North Korea</a></div>",North Korea,7221,/places/default/view/North-Korea-165,/places/static/images/flags/kp.png
"<div><a href=""/places/default/view/Northern-Mariana-Islands-166""><img src=""/places/static/images/flags/mp.png"" /> Northern Mariana Islands</a></div>",Northern Mariana Islands,7222,/places/default/view/Northern-Mariana-Islands-166,/places/static/images/flags/mp.png
"<div><a href=""/places/default/view/Norway-167""><img src=""/places/static/images/flags/no.png"" /> Norway</a></div>",Norway,7223,/places/default/view/Norway-167,/places/static/images/flags/no.png
"<div><a href=""/places/default/view/Oman-168""><img src=""/places/static/images/flags/om.png"" /> Oman</a></div>",Oman,7224,/places/default/view/Oman-168,/places/static/images/flags/om.png
"<div><a href=""/places/default/view/Pakistan-169""><img src=""/places/static/images/flags/pk.png"" /> Pakistan</a></div>",Pakistan,7225,/places/default/view/Pakistan-169,/places/static/images/flags/pk.png
"<div><a href=""/places/default/view/Palau-170""><img src=""/places/static/images/flags/pw.png"" /> Palau</a></div>",Palau,7226,/places/default/view/Palau-170,/places/static/images/flags/pw.png
"<div><a href=""/places/default/view/Palestinian-Territory-171""><img src=""/places/static/images/flags/ps.png"" /> Palestinian Territory</a></div>",Palestinian Territory,7227,/places/default/view/Palestinian-Territory-171,/places/static/images/flags/ps.png
"<div><a href=""/places/default/view/Panama-172""><img src=""/places/static/images/flags/pa.png"" /> Panama</a></div>",Panama,7228,/places/default/view/Panama-172,/places/static/images/flags/pa.png
"<div><a href=""/places/default/view/Papua-New-Guinea-173""><img src=""/places/static/images/flags/pg.png"" /> Papua New Guinea</a></div>",Papua New Guinea,7229,/places/default/view/Papua-New-Guinea-173,/places/static/images/flags/pg.png
"<div><a href=""/places/default/view/Paraguay-174""><img src=""/places/static/images/flags/py.png"" /> Paraguay</a></div>",Paraguay,7230,/places/default/view/Paraguay-174,/places/static/images/flags/py.png
"<div><a href=""/places/default/view/Peru-175""><img src=""/places/static/images/flags/pe.png"" /> Peru</a></div>",Peru,7231,/places/default/view/Peru-175,/places/static/images/flags/pe.png
"<div><a href=""/places/default/view/Philippines-176""><img src=""/places/static/images/flags/ph.png"" /> Philippines</a></div>",Philippines,7232,/places/default/view/Philippines-176,/places/static/images/flags/ph.png
"<div><a href=""/places/default/view/Pitcairn-177""><img src=""/places/static/images/flags/pn.png"" /> Pitcairn</a></div>",Pitcairn,7233,/places/default/view/Pitcairn-177,/places/static/images/flags/pn.png
"<div><a href=""/places/default/view/Poland-178""><img src=""/places/static/images/flags/pl.png"" /> Poland</a></div>",Poland,7234,/places/default/view/Poland-178,/places/static/images/flags/pl.png
"<div><a href=""/places/default/view/Portugal-179""><img src=""/places/static/images/flags/pt.png"" /> Portugal</a></div>",Portugal,7235,/places/default/view/Portugal-179,/places/static/images/flags/pt.png
"<div><a href=""/places/default/view/Puerto-Rico-180""><img src=""/places/static/images/flags/pr.png"" /> Puerto Rico</a></div>",Puerto Rico,7236,/places/default/view/Puerto-Rico-180,/places/static/images/flags/pr.png
"<div><a href=""/places/default/view/Qatar-181""><img src=""/places/static/images/flags/qa.png"" /> Qatar</a></div>",Qatar,7237,/places/default/view/Qatar-181,/places/static/images/flags/qa.png
"<div><a href=""/places/default/view/Republic-of-the-Congo-182""><img src=""/places/static/images/flags/cg.png"" /> Republic of the Congo</a></div>",Republic of the Congo,7238,/places/default/view/Republic-of-the-Congo-182,/places/static/images/flags/cg.png
"<div><a href=""/places/default/view/Reunion-183""><img src=""/places/static/images/flags/re.png"" /> Reunion</a></div>",Reunion,7239,/places/default/view/Reunion-183,/places/static/images/flags/re.png
"<div><a href=""/places/default/view/Romania-184""><img src=""/places/static/images/flags/ro.png"" /> Romania</a></div>",Romania,7240,/places/default/view/Romania-184,/places/static/images/flags/ro.png
"<div><a href=""/places/default/view/Russia-185""><img src=""/places/static/images/flags/ru.png"" /> Russia</a></div>",Russia,7241,/places/default/view/Russia-185,/places/static/images/flags/ru.png
"<div><a href=""/places/default/view/Rwanda-186""><img src=""/places/static/images/flags/rw.png"" /> Rwanda</a></div>",Rwanda,7242,/places/default/view/Rwanda-186,/places/static/images/flags/rw.png
"<div><a href=""/places/default/view/Saint-Barthelemy-187""><img src=""/places/static/images/flags/bl.png"" /> Saint Barthelemy</a></div>",Saint Barthelemy,7243,/places/default/view/Saint-Barthelemy-187,/places/static/images/flags/bl.png
"<div><a href=""/places/default/view/Saint-Helena-188""><img src=""/places/static/images/flags/sh.png"" /> Saint Helena</a></div>",Saint Helena,7244,/places/default/view/Saint-Helena-188,/places/static/images/flags/sh.png
"<div><a href=""/places/default/view/Saint-Kitts-and-Nevis-189""><img src=""/places/static/images/flags/kn.png"" /> Saint Kitts and Nevis</a></div>",Saint Kitts and Nevis,7245,/places/default/view/Saint-Kitts-and-Nevis-189,/places/static/images/flags/kn.png
"<div><a href=""/places/default/view/Saint-Lucia-190""><img src=""/places/static/images/flags/lc.png"" /> Saint Lucia</a></div>",Saint Lucia,7246,/places/default/view/Saint-Lucia-190,/places/static/images/flags/lc.png
"<div><a href=""/places/default/view/Saint-Martin-191""><img src=""/places/static/images/flags/mf.png"" /> Saint Martin</a></div>",Saint Martin,7247,/places/default/view/Saint-Martin-191,/places/static/images/flags/mf.png
"<div><a href=""/places/default/view/Saint-Pierre-and-Miquelon-192""><img src=""/places/static/images/flags/pm.png"" /> Saint Pierre and Miquelon</a></div>",Saint Pierre and Miquelon,7248,/places/default/view/Saint-Pierre-and-Miquelon-192,/places/static/images/flags/pm.png
"<div><a href=""/places/default/view/Saint-Vincent-and-the-Grenadines-193""><img src=""/places/static/images/flags/vc.png"" /> Saint Vincent and the Grenadines</a></div>",Saint Vincent and the Grenadines,7249,/places/default/view/Saint-Vincent-and-the-Grenadines-193,/places/static/images/flags/vc.png
"<div><a href=""/places/default/view/Samoa-194""><img src=""/places/static/images/flags/ws.png"" /> Samoa</a></div>",Samoa,7250,/places/default/view/Samoa-194,/places/static/images/flags/ws.png
"<div><a href=""/places/default/view/San-Marino-195""><img src=""/places/static/images/flags/sm.png"" /> San Marino</a></div>",San Marino,7251,/places/default/view/San-Marino-195,/places/static/images/flags/sm.png
"<div><a href=""/places/default/view/Sao-Tome-and-Principe-196""><img src=""/places/static/images/flags/st.png"" /> Sao Tome and Principe</a></div>",Sao Tome and Principe,7252,/places/default/view/Sao-Tome-and-Principe-196,/places/static/images/flags/st.png
"<div><a href=""/places/default/view/Saudi-Arabia-197""><img src=""/places/static/images/flags/sa.png"" /> Saudi Arabia</a></div>",Saudi Arabia,7253,/places/default/view/Saudi-Arabia-197,/places/static/images/flags/sa.png
"<div><a href=""/places/default/view/Senegal-198""><img src=""/places/static/images/flags/sn.png"" /> Senegal</a></div>",Senegal,7254,/places/default/view/Senegal-198,/places/static/images/flags/sn.png
"<div><a href=""/places/default/view/Serbia-199""><img src=""/places/static/images/flags/rs.png"" /> Serbia</a></div>",Serbia,7255,/places/default/view/Serbia-199,/places/static/images/flags/rs.png
"<div><a href=""/places/default/view/Serbia-and-Montenegro-200""><img src=""/places/static/images/flags/cs.png"" /> Serbia and Montenegro</a></div>",Serbia and Montenegro,7256,/places/default/view/Serbia-and-Montenegro-200,/places/static/images/flags/cs.png
"<div><a href=""/places/default/view/Seychelles-201""><img src=""/places/static/images/flags/sc.png"" /> Seychelles</a></div>",Seychelles,7257,/places/default/view/Seychelles-201,/places/static/images/flags/sc.png
"<div><a href=""/places/default/view/Sierra-Leone-202""><img src=""/places/static/images/flags/sl.png"" /> Sierra Leone</a></div>",Sierra Leone,7258,/places/default/view/Sierra-Leone-202,/places/static/images/flags/sl.png
"<div><a href=""/places/default/view/Singapore-203""><img src=""/places/static/images/flags/sg.png"" /> Singapore</a></div>",Singapore,7259,/places/default/view/Singapore-203,/places/static/images/flags/sg.png
"<div><a href=""/places/default/view/Sint-Maarten-204""><img src=""/places/static/images/flags/sx.png"" /> Sint Maarten</a></div>",Sint Maarten,7260,/places/default/view/Sint-Maarten-204,/places/static/images/flags/sx.png
"<div><a href=""/places/default/view/Slovakia-205""><img src=""/places/static/images/flags/sk.png"" /> Slovakia</a></div>",Slovakia,7261,/places/default/view/Slovakia-205,/places/static/images/flags/sk.png
"<div><a href=""/places/default/view/Slovenia-206""><img src=""/places/static/images/flags/si.png"" /> Slovenia</a></div>",Slovenia,7262,/places/default/view/Slovenia-206,/places/static/images/flags/si.png
"<div><a href=""/places/default/view/Solomon-Islands-207""><img src=""/places/static/images/flags/sb.png"" /> Solomon Islands</a></div>",Solomon Islands,7263,/places/default/view/Solomon-Islands-207,/places/static/images/flags/sb.png
"<div><a href=""/places/default/view/Somalia-208""><img src=""/places/static/images/flags/so.png"" /> Somalia</a></div>",Somalia,7264,/places/default/view/Somalia-208,/places/static/images/flags/so.png
"<div><a href=""/places/default/view/South-Africa-209""><img src=""/places/static/images/flags/za.png"" /> South Africa</a></div>",South Africa,7265,/places/default/view/South-Africa-209,/places/static/images/flags/za.png
"<div><a href=""/places/default/view/South-Georgia-and-the-South-Sandwich-Islands-210""><img src=""/places/static/images/flags/gs.png"" /> South Georgia and the South Sandwich Islands</a></div>",South Georgia and the South Sandwich Islands,7266,/places/default/view/South-Georgia-and-the-South-Sandwich-Islands-210,/places/static/images/flags/gs.png
"<div><a href=""/places/default/view/South-Korea-211""><img src=""/places/static/images/flags/kr.png"" /> South Korea</a></div>",South Korea,7267,/places/default/view/South-Korea-211,/places/static/images/flags/kr.png
"<div><a href=""/places/default/view/South-Sudan-212""><img src=""/places/static/images/flags/ss.png"" /> South Sudan</a></div>",South Sudan,7268,/places/default/view/South-Sudan-212,/places/static/images/flags/ss.png
"<div><a href=""/places/default/view/Spain-213""><img src=""/places/static/images/flags/es.png"" /> Spain</a></div>",Spain,7269,/places/default/view/Spain-213,/places/static/images/flags/es.png
"<div><a href=""/places/default/view/Sri-Lanka-214""><img src=""/places/static/images/flags/lk.png"" /> Sri Lanka</a></div>",Sri Lanka,7270,/places/default/view/Sri-Lanka-214,/places/static/images/flags/lk.png
"<div><a href=""/places/default/view/Sudan-215""><img src=""/places/static/images/flags/sd.png"" /> Sudan</a></div>",Sudan,7271,/places/default/view/Sudan-215,/places/static/images/flags/sd.png
"<div><a href=""/places/default/view/Suriname-216""><img src=""/places/static/images/flags/sr.png"" /> Suriname</a></div>",Suriname,7272,/places/default/view/Suriname-216,/places/static/images/flags/sr.png
"<div><a href=""/places/default/view/Svalbard-and-Jan-Mayen-217""><img src=""/places/static/images/flags/sj.png"" /> Svalbard and Jan Mayen</a></div>",Svalbard and Jan Mayen,7273,/places/default/view/Svalbard-and-Jan-Mayen-217,/places/static/images/flags/sj.png
"<div><a href=""/places/default/view/Swaziland-218""><img src=""/places/static/images/flags/sz.png"" /> Swaziland</a></div>",Swaziland,7274,/places/default/view/Swaziland-218,/places/static/images/flags/sz.png
"<div><a href=""/places/default/view/Sweden-219""><img src=""/places/static/images/flags/se.png"" /> Sweden</a></div>",Sweden,7275,/places/default/view/Sweden-219,/places/static/images/flags/se.png
"<div><a href=""/places/default/view/Switzerland-220""><img src=""/places/static/images/flags/ch.png"" /> Switzerland</a></div>",Switzerland,7276,/places/default/view/Switzerland-220,/places/static/images/flags/ch.png
"<div><a href=""/places/default/view/Syria-221""><img src=""/places/static/images/flags/sy.png"" /> Syria</a></div>",Syria,7277,/places/default/view/Syria-221,/places/static/images/flags/sy.png
"<div><a href=""/places/default/view/Taiwan-222""><img src=""/places/static/images/flags/tw.png"" /> Taiwan</a></div>",Taiwan,7278,/places/default/view/Taiwan-222,/places/static/images/flags/tw.png
"<div><a href=""/places/default/view/Tajikistan-223""><img src=""/places/static/images/flags/tj.png"" /> Tajikistan</a></div>",Tajikistan,7279,/places/default/view/Tajikistan-223,/places/static/images/flags/tj.png
"<div><a href=""/places/default/view/Tanzania-224""><img src=""/places/static/images/flags/tz.png"" /> Tanzania</a></div>",Tanzania,7280,/places/default/view/Tanzania-224,/places/static/images/flags/tz.png
"<div><a href=""/places/default/view/Thailand-225""><img src=""/places/static/images/flags/th.png"" /> Thailand</a></div>",Thailand,7281,/places/default/view/Thailand-225,/places/static/images/flags/th.png
"<div><a href=""/places/default/view/Togo-226""><img src=""/places/static/images/flags/tg.png"" /> Togo</a></div>",Togo,7282,/places/default/view/Togo-226,/places/static/images/flags/tg.png
"<div><a href=""/places/default/view/Tokelau-227""><img src=""/places/static/images/flags/tk.png"" /> Tokelau</a></div>",Tokelau,7283,/places/default/view/Tokelau-227,/places/static/images/flags/tk.png
"<div><a href=""/places/default/view/Tonga-228""><img src=""/places/static/images/flags/to.png"" /> Tonga</a></div>",Tonga,7284,/places/default/view/Tonga-228,/places/static/images/flags/to.png
"<div><a href=""/places/default/view/Trinidad-and-Tobago-229""><img src=""/places/static/images/flags/tt.png"" /> Trinidad and Tobago</a></div>",Trinidad and Tobago,7285,/places/default/view/Trinidad-and-Tobago-229,/places/static/images/flags/tt.png
"<div><a href=""/places/default/view/Tunisia-230""><img src=""/places/static/images/flags/tn.png"" /> Tunisia</a></div>",Tunisia,7286,/places/default/view/Tunisia-230,/places/static/images/flags/tn.png
"<div><a href=""/places/default/view/Turkey-231""><img src=""/places/static/images/flags/tr.png"" /> Turkey</a></div>",Turkey,7287,/places/default/view/Turkey-231,/places/static/images/flags/tr.png
"<div><a href=""/places/default/view/Turkmenistan-232""><img src=""/places/static/images/flags/tm.png"" /> Turkmenistan</a></div>",Turkmenistan,7288,/places/default/view/Turkmenistan-232,/places/static/images/flags/tm.png
"<div><a href=""/places/default/view/Turks-and-Caicos-Islands-233""><img src=""/places/static/images/flags/tc.png"" /> Turks and Caicos Islands</a></div>",Turks and Caicos Islands,7289,/places/default/view/Turks-and-Caicos-Islands-233,/places/static/images/flags/tc.png
"<div><a href=""/places/default/view/Tuvalu-234""><img src=""/places/static/images/flags/tv.png"" /> Tuvalu</a></div>",Tuvalu,7290,/places/default/view/Tuvalu-234,/places/static/images/flags/tv.png
"<div><a href=""/places/default/view/US-Virgin-Islands-235""><img src=""/places/static/images/flags/vi.png"" /> U.S. Virgin Islands</a></div>",U.S. Virgin Islands,7291,/places/default/view/US-Virgin-Islands-235,/places/static/images/flags/vi.png
"<div><a href=""/places/default/view/Uganda-236""><img src=""/places/static/images/flags/ug.png"" /> Uganda</a></div>",Uganda,7292,/places/default/view/Uganda-236,/places/static/images/flags/ug.png
"<div><a href=""/places/default/view/Ukraine-237""><img src=""/places/static/images/flags/ua.png"" /> Ukraine</a></div>",Ukraine,7293,/places/default/view/Ukraine-237,/places/static/images/flags/ua.png
"<div><a href=""/places/default/view/United-Arab-Emirates-238""><img src=""/places/static/images/flags/ae.png"" /> United Arab Emirates</a></div>",United Arab Emirates,7294,/places/default/view/United-Arab-Emirates-238,/places/static/images/flags/ae.png
"<div><a href=""/places/default/view/United-Kingdom-239""><img src=""/places/static/images/flags/gb.png"" /> United Kingdom</a></div>",United Kingdom,7295,/places/default/view/United-Kingdom-239,/places/static/images/flags/gb.png
"<div><a href=""/places/default/view/United-States-240""><img src=""/places/static/images/flags/us.png"" /> United States</a></div>",United States,7296,/places/default/view/United-States-240,/places/static/images/flags/us.png
"<div><a href=""/places/default/view/United-States-Minor-Outlying-Islands-241""><img src=""/places/static/images/flags/um.png"" /> United States Minor Outlying Islands</a></div>",United States Minor Outlying Islands,7297,/places/default/view/United-States-Minor-Outlying-Islands-241,/places/static/images/flags/um.png
"<div><a href=""/places/default/view/Uruguay-242""><img src=""/places/static/images/flags/uy.png"" /> Uruguay</a></div>",Uruguay,7298,/places/default/view/Uruguay-242,/places/static/images/flags/uy.png
"<div><a href=""/places/default/view/Uzbekistan-243""><img src=""/places/static/images/flags/uz.png"" /> Uzbekistan</a></div>",Uzbekistan,7299,/places/default/view/Uzbekistan-243,/places/static/images/flags/uz.png
"<div><a href=""/places/default/view/Vanuatu-244""><img src=""/places/static/images/flags/vu.png"" /> Vanuatu</a></div>",Vanuatu,7300,/places/default/view/Vanuatu-244,/places/static/images/flags/vu.png
"<div><a href=""/places/default/view/Vatican-245""><img src=""/places/static/images/flags/va.png"" /> Vatican</a></div>",Vatican,7301,/places/default/view/Vatican-245,/places/static/images/flags/va.png
"<div><a href=""/places/default/view/Venezuela-246""><img src=""/places/static/images/flags/ve.png"" /> Venezuela</a></div>",Venezuela,7302,/places/default/view/Venezuela-246,/places/static/images/flags/ve.png
"<div><a href=""/places/default/view/Vietnam-247""><img src=""/places/static/images/flags/vn.png"" /> Vietnam</a></div>",Vietnam,7303,/places/default/view/Vietnam-247,/places/static/images/flags/vn.png
"<div><a href=""/places/default/view/Wallis-and-Futuna-248""><img src=""/places/static/images/flags/wf.png"" /> Wallis and Futuna</a></div>",Wallis and Futuna,7304,/places/default/view/Wallis-and-Futuna-248,/places/static/images/flags/wf.png
"<div><a href=""/places/default/view/Western-Sahara-249""><img src=""/places/static/images/flags/eh.png"" /> Western Sahara</a></div>",Western Sahara,7305,/places/default/view/Western-Sahara-249,/places/static/images/flags/eh.png
"<div><a href=""/places/default/view/Yemen-250""><img src=""/places/static/images/flags/ye.png"" /> Yemen</a></div>",Yemen,7306,/places/default/view/Yemen-250,/places/static/images/flags/ye.png
"<div><a href=""/places/default/view/Zambia-251""><img src=""/places/static/images/flags/zm.png"" /> Zambia</a></div>",Zambia,7307,/places/default/view/Zambia-251,/places/static/images/flags/zm.png
"<div><a href=""/places/default/view/Zimbabwe-252""><img src=""/places/static/images/flags/zw.png"" /> Zimbabwe</a></div>",Zimbabwe,7308,/places/default/view/Zimbabwe-252,/places/static/images/flags/zw.png
